{"cameraMode":{"drawMode":0,"name":"Shaded","section":"Shading Mode"},"sceneLighting":true,"audioPlay":false,"sceneViewState":{"m_AlwaysRefresh":false,"showFog":true,"showSkybox":true,"showFlares":true,"showImageEffects":true,"showParticleSystems":true,"showVisualEffectGraphs":true,"m_FxEnabled":true},"in2DMode":false,"pivot":{"x":-8.855283737182618,"y":2.7507126331329347,"z":-0.15950679779052735},"rotation":{"x":-0.013806468807160855,"y":-0.020399408414959909,"z":0.0002818140492308885,"w":-0.9996994733810425},"size":20.26219367980957,"orthographic":false}