{"cameraMode":{"drawMode":0,"name":"Shaded","section":"Shading Mode"},"sceneLighting":true,"audioPlay":false,"sceneViewState":{"m_AlwaysRefresh":false,"showFog":true,"showSkybox":true,"showFlares":true,"showImageEffects":true,"showParticleSystems":true,"showVisualEffectGraphs":true,"m_FxEnabled":true},"in2DMode":false,"pivot":{"x":-11.095102310180664,"y":-6.3955230712890629,"z":50.5004997253418},"rotation":{"x":-0.05277760326862335,"y":0.017072714865207673,"z":-0.0009022745070978999,"w":-0.9984617829322815},"size":37.37693405151367,"orthographic":false}